BACKGROUND_Google,0.406930842,0.529347674,0.473028966,0,0,1
BACKGROUND_Google,0.491180766,0.664692493,0.674602775,0,0,1
BACKGROUND_Google,0.159944327,0.545697013,0.393187036,0,0,1
BACKGROUND_Google,0.349864527,0.463896927,0.537223237,0,0,1
BACKGROUND_Google,0.736039474,0.516650414,0.430729056,0,0,1
BACKGROUND_Google,0.143214096,0.53483082,0.345791775,0,0,1
BACKGROUND_Google,0.430479026,0.401829021,0.423319513,0,0,1
BACKGROUND_Google,0.193612499,0.575086124,0.356933505,0,0,1
BACKGROUND_Google,0.396333845,0.518941119,0.465502195,0,0,1
BACKGROUND_Google,0.729945226,0.523428257,0.8639043,0,0,1
BACKGROUND_Google,0.559603871,0.636416835,0.487777604,0,0,1
BACKGROUND_Google,0.495292673,0.838647523,0.580821791,0,0,1
BACKGROUND_Google,0.396855872,0.433236675,0.581513043,0,0,1
BACKGROUND_Google,0.460658944,0.485929666,0.50960485,0,0,1
BACKGROUND_Google,0.335584659,0.42751804,0.533216113,0,0,1
BACKGROUND_Google,0.325494998,0.51909747,0.47290991,0,0,1
BACKGROUND_Google,0.738796483,0.48726202,0.40691861,0,0,1
BACKGROUND_Google,0.400344899,0.479670466,0.639897866,0,0,1
BACKGROUND_Google,0.596629845,0.636590032,0.626396379,0,0,1
BACKGROUND_Google,0.420983136,0.700081679,0.779193588,0,0,1
BACKGROUND_Google,0.618842409,0.601778319,0.636229309,0,0,1
BACKGROUND_Google,0.34193218,0.363468863,0.564023366,0,0,1
BACKGROUND_Google,0.478697498,0.654141404,0.640987293,0,0,1
BACKGROUND_Google,0.46663411,0.550820177,0.748014851,0,0,1
BACKGROUND_Google,0.552360388,0.527610255,0.573401437,0,0,1
BACKGROUND_Google,0.398277332,0.522299075,0.47092027,0,0,1
BACKGROUND_Google,0.410568877,0.260982389,0.468054752,0,0,1
BACKGROUND_Google,0.448672142,0.47382392,0.540985749,0,0,1
BACKGROUND_Google,0.167260853,0.554093063,0.325737515,0,0,1
BACKGROUND_Google,0.166761532,0.55398539,0.325945323,0,0,1
BACKGROUND_Google,0.356009775,0.470508022,0.543669191,0,0,1
BACKGROUND_Google,0.407007225,0.555606024,0.654069352,0,0,1
BACKGROUND_Google,0.423547649,0.626780336,0.718596557,0,0,1
BACKGROUND_Google,0.423383716,0.59624514,0.530262119,0,0,1
BACKGROUND_Google,0.186423135,0.563836102,0.377443233,0,0,1
BACKGROUND_Google,0.400460203,0.555453148,0.665346464,0,0,1
BACKGROUND_Google,0.390483315,0.535256844,0.490077814,0,0,1
BACKGROUND_Google,0.376083792,0.568198579,0.540430445,0,0,1
BACKGROUND_Google,0.297995549,0.671079898,0.505410188,0,0,1
BACKGROUND_Google,0.298019372,0.671101879,0.505397557,0,0,1
BACKGROUND_Google,0.156195385,0.473471029,0.414437671,0,0,1
BACKGROUND_Google,0.410048206,0.502765857,0.492782583,0,0,1
BACKGROUND_Google,0.198183435,0.579532021,0.364418542,0,0,1
BACKGROUND_Google,0.550494708,0.472170477,0.686441145,0,0,1
BACKGROUND_Google,0.310094845,0.617096254,0.540363246,0,0,1
BACKGROUND_Google,0.472928483,0.471268514,0.514812231,0,0,1
BACKGROUND_Google,0.330096837,0.430033234,0.619046264,0,0,1
BACKGROUND_Google,0.373084165,0.626698344,0.326358743,0,0,1
BACKGROUND_Google,0.591442101,0.599394813,0.64206695,0,0,1
BACKGROUND_Google,0.491531192,0.564059394,0.581348898,0,0,1
BACKGROUND_Google,0.650786068,0.539740654,0.796552259,0,0,1
BACKGROUND_Google,0.146226964,0.529484657,0.357242787,0,0,1
BACKGROUND_Google,0.398233519,0.434585179,0.583453353,0,0,1
BACKGROUND_Google,0.529418677,0.867877448,0.367714916,0,0,1
BACKGROUND_Google,0.483387347,0.663077842,0.702631403,0,0,1
BACKGROUND_Google,0.444310536,0.690738016,0.743609247,0,0,1
BACKGROUND_Google,0.464250777,0.705688587,0.659170474,0,0,1
BACKGROUND_Google,0.502560928,0.32652841,0.543716435,0,0,1
BACKGROUND_Google,0.150571409,0.546282575,0.33465128,0,0,1
BACKGROUND_Google,0.149859087,0.536515584,0.355483837,0,0,1
BACKGROUND_Google,0.363830641,0.592005101,0.572748849,0,0,1
BACKGROUND_Google,0.623619372,0.308787493,0.140075996,0,0,1
BACKGROUND_Google,0.343651489,0.360829218,0.564044834,0,0,1
BACKGROUND_Google,0.400984424,0.443448087,0.57713746,0,0,1
BACKGROUND_Google,0.316745545,0.527252834,0.469690325,0,0,1
BACKGROUND_Google,0.421113901,0.700405706,0.714819471,0,0,1
BACKGROUND_Google,0.43987535,0.365262381,0.577605859,0,0,1
BACKGROUND_Google,0.509977907,0.447838216,0.63077997,0,0,1
BACKGROUND_Google,0.528125197,0.524815576,0.521710484,0,0,1
BACKGROUND_Google,0.170290783,0.535704151,0.371899396,0,0,1
BACKGROUND_Google,0.151392944,0.562847529,0.405633661,0,0,1
BACKGROUND_Google,0.282864284,0.301810993,0.66728175,0,0,1
BACKGROUND_Google,0.624200804,0.672454367,0.596767631,0,0,1
BACKGROUND_Google,0.475235258,0.607833507,0.626543646,0,0,1
BACKGROUND_Google,0.398451716,0.444422743,0.589895033,0,0,1
BACKGROUND_Google,0.686557947,0.542851136,0.343893581,0,0,1
BACKGROUND_Google,0.492243761,0.661871362,0.686677135,0,0,1
BACKGROUND_Google,0.382833105,0.506401089,0.478550249,0,0,1
BACKGROUND_Google,0.15974947,0.545659958,0.357646124,0,0,1
BACKGROUND_Google,0.523904028,0.365405943,0.109504786,0,0,1
BACKGROUND_Google,0.412793154,0.597146572,0.710435536,0,0,1
BACKGROUND_Google,0.229580895,0.550530601,0.385978051,0,0,1
BACKGROUND_Google,0.151502622,0.56461906,0.409347394,0,0,1
BACKGROUND_Google,0.484707429,0.629268621,0.675603917,0,0,1
BACKGROUND_Google,0.437535409,0.458726167,0.520155614,0,0,1
BACKGROUND_Google,0.363709016,0.921047678,0.631548781,0,0,1
BACKGROUND_Google,0.488911782,0.852815163,0.618739814,0,0,1
BACKGROUND_Google,0.615365386,0.690556816,0.734423641,0,0,1
BACKGROUND_Google,0.374509684,0.507769525,0.284143391,0,0,1
BACKGROUND_Google,0.483071329,0.656373674,0.643500617,0,0,1
BACKGROUND_Google,0.417063448,0.378139778,0.489531354,0,0,1
BACKGROUND_Google,0.392746909,0.52677659,0.484029713,0,0,1
BACKGROUND_Google,0.455818349,0.421998604,0.517664445,0,0,1
BACKGROUND_Google,0.39417362,0.423739268,0.575057266,0,0,1
BACKGROUND_Google,0.760901131,0.431471321,0.586436301,0,0,1
BACKGROUND_Google,0.095154574,0.6273118,0.548013068,0,0,1
BACKGROUND_Google,0.482766082,0.695955853,0.684726882,0,0,1
BACKGROUND_Google,0.202195316,0.574713842,0.360385949,0,0,1
BACKGROUND_Google,0.474972808,0.609495471,0.627598694,0,0,1
BACKGROUND_Google,0.659701077,0.556526892,0.80850512,0,0,1
BACKGROUND_Google,0.207817148,0.565308629,0.352415358,0,0,1
BACKGROUND_Google,0.208024673,0.565178312,0.352397289,0,0,1
BACKGROUND_Google,0.356892368,0.592645397,0.54981421,0,0,1
BACKGROUND_Google,0.565406346,0.751844046,0.659842535,0,0,1
BACKGROUND_Google,0.370157152,0.59826158,0.543185689,0,0,1
BACKGROUND_Google,0.421292091,0.343914468,0.564208524,0,0,1
BACKGROUND_Google,0.37472319,0.729951,0.520465685,0,0,1
BACKGROUND_Google,0.352259797,0.330350088,0.561037261,0,0,1
BACKGROUND_Google,0.396091794,0.5078892,0.479017819,0,0,1
BACKGROUND_Google,0.354393687,0.338374702,0.557689199,0,0,1
BACKGROUND_Google,0.456919847,0.370947031,0.534109284,0,0,1
BACKGROUND_Google,0.35692253,0.905135238,0.657030982,0,0,1
BACKGROUND_Google,0.655111587,0.761957392,0.690704823,0,0,1
BACKGROUND_Google,0.478850222,0.435913807,0.471636009,0,0,1
BACKGROUND_Google,0.168225262,0.53738398,0.353548547,0,0,1
BACKGROUND_Google,0.168934091,0.54452141,0.383852498,0,0,1
BACKGROUND_Google,0.472489811,0.821479908,0.623657254,0,0,1
BACKGROUND_Google,0.383460983,0.506571566,0.478507763,0,0,1
BACKGROUND_Google,0.411686933,0.46771349,0.524093486,0,0,1
BACKGROUND_Google,0.399182601,0.433054666,0.567642731,0,0,1
BACKGROUND_Google,0.321590089,0.592958423,0.758422964,0,0,1
BACKGROUND_Google,0.440094584,0.665486118,0.739878524,0,0,1
BACKGROUND_Google,0.416015557,0.50381861,0.48134492,0,0,1
BACKGROUND_Google,0.536194768,0.625633491,0.699080543,0,0,1
BACKGROUND_Google,0.156803082,0.533797092,0.362286918,0,0,1
BACKGROUND_Google,0.240215667,0.680077234,0.360963783,0,0,1
BACKGROUND_Google,0.177911956,0.548610543,0.350581564,0,0,1
BACKGROUND_Google,0.165180255,0.535524115,0.382364407,0,0,1
BACKGROUND_Google,0.353162733,0.714448239,0.611684194,0,0,1
BACKGROUND_Google,0.513337414,0.36276875,0.455106513,0,0,1
BACKGROUND_Google,0.115737074,0.488382545,0.42552731,0,0,1
BACKGROUND_Google,0.327961288,0.494310986,0.468722963,0,0,1
BACKGROUND_Google,0.43583676,0.451240694,0.500640114,0,0,1
BACKGROUND_Google,0.229154684,0.651269015,0.356969596,0,0,1
BACKGROUND_Google,0.649020362,0.479605531,0.414833689,0,0,1
BACKGROUND_Google,0.13541299,0.493618022,0.407230064,0,0,1
BACKGROUND_Google,0.336686394,0.491902433,0.480042512,0,0,1
BACKGROUND_Google,0.46503879,0.660354684,0.710348673,0,0,1
BACKGROUND_Google,0.164125322,0.542885206,0.382375667,0,0,1
BACKGROUND_Google,0.465323019,0.474337036,0.505096606,0,0,1
BACKGROUND_Google,0.144974018,0.538672217,0.382953724,0,0,1
BACKGROUND_Google,0.161097803,0.541105619,0.355895212,0,0,1
BACKGROUND_Google,0.102953917,0.615869322,0.576075178,0,0,1
BACKGROUND_Google,0.478887085,0.402745125,0.557577879,0,0,1
BACKGROUND_Google,0.430808643,0.401915029,0.423929581,0,0,1
BACKGROUND_Google,0.139811585,0.534610707,0.341483596,0,0,1
BACKGROUND_Google,0.413877409,0.469059249,0.522512272,0,0,1
BACKGROUND_Google,0.672960913,0.78578621,0.278469428,0,0,1
BACKGROUND_Google,0.282862376,0.301816014,0.667268511,0,0,1
BACKGROUND_Google,0.418861843,0.700762622,0.711976572,0,0,1
BACKGROUND_Google,0.360762855,0.305171861,0.536979485,0,0,1
BACKGROUND_Google,0.552529414,0.527840174,0.573260348,0,0,1
BACKGROUND_Google,0.161545668,0.542508182,0.359905589,0,0,1
BACKGROUND_Google,0.450072765,0.451202928,0.516652018,0,0,1
BACKGROUND_Google,0.605840527,0.748686821,0.649005708,0,0,1
BACKGROUND_Google,0.591467804,0.590594433,0.81094481,0,0,1
BACKGROUND_Google,0.361287736,0.6716951,0.584357103,0,0,1
BACKGROUND_Google,0.141160483,0.538054592,0.384035189,0,0,1
BACKGROUND_Google,0.224893905,0.683589841,0.341769037,0,0,1
BACKGROUND_Google,0.454066662,0.365871915,0.526207356,0,0,1
BACKGROUND_Google,0.270477145,0.404931189,0.572178863,0,0,1
BACKGROUND_Google,0.396820514,0.603214201,0.317468846,0,0,1
BACKGROUND_Google,0.158887125,0.552288622,0.329960283,0,0,1
BACKGROUND_Google,0.157003666,0.556946983,0.326004525,0,0,1
BACKGROUND_Google,0.649930984,0.398982699,0.697380319,0,0,1
BACKGROUND_Google,0.338135387,0.500891105,0.529374953,0,0,1
BACKGROUND_Google,0.200602163,0.655232731,0.325236906,0,0,1
BACKGROUND_Google,0.402218631,0.469389903,0.524033131,0,0,1
BACKGROUND_Google,0.459696586,0.583377201,0.569610798,0,0,1
BACKGROUND_Google,0.554739737,0.74431305,0.415317639,0,0,1
BACKGROUND_Google,0.58062335,0.585931834,0.734811669,0,0,1
BACKGROUND_Google,0.461119755,0.661652869,0.686471365,0,0,1
BACKGROUND_Google,0.165697983,0.532085467,0.359136606,0,0,1
BACKGROUND_Google,0.361489018,0.399664388,0.657297645,0,0,1
BACKGROUND_Google,0.436213716,0.45162726,0.502234818,0,0,1
BACKGROUND_Google,0.357945747,0.501013632,0.61132648,0,0,1
BACKGROUND_Google,0.378534318,0.915764819,0.636308792,0,0,1
BACKGROUND_Google,0.147810367,0.493176598,0.401928361,0,0,1
BACKGROUND_Google,0.478044915,0.597633214,0.624488267,0,0,1
BACKGROUND_Google,0.666542822,0.784843322,0.371719574,0,0,1
BACKGROUND_Google,0.210334156,0.563278935,0.352229481,0,0,1
BACKGROUND_Google,0.678581267,0.49351699,0.330341584,0,0,1
BACKGROUND_Google,0.373853797,0.711738404,0.588044953,0,0,1
BACKGROUND_Google,0.48933835,0.563440149,0.488638034,0,0,1
BACKGROUND_Google,0.359739977,0.50987338,0.609612011,0,0,1
BACKGROUND_Google,0.331829667,0.550428217,0.68095939,0,0,1
BACKGROUND_Google,0.358546519,0.448724459,0.55009136,0,0,1
BACKGROUND_Google,0.685289365,0.542768309,0.341840897,0,0,1
BACKGROUND_Google,0.393811266,0.62160693,0.572612171,0,0,1
BACKGROUND_Google,0.229346692,0.652494383,0.355401475,0,0,1
BACKGROUND_Google,0.151351952,0.562280694,0.404635326,0,0,1
BACKGROUND_Google,0.674855855,0.838433776,0.313859576,0,0,1
BACKGROUND_Google,0.157565725,0.550731821,0.333023038,0,0,1
BACKGROUND_Google,0.161967714,0.540357533,0.38036075,0,0,1
BACKGROUND_Google,0.433333824,0.465275592,0.53004605,0,0,1
BACKGROUND_Google,0.37450534,0.711668127,0.588072469,0,0,1
BACKGROUND_Google,0.499494501,0.654776246,0.682007926,0,0,1
BACKGROUND_Google,0.419405164,0.398658307,0.712551562,0,0,1
BACKGROUND_Google,0.638424347,0.436254804,0.736737733,0,0,1
BACKGROUND_Google,0.179193848,0.536941711,0.378811895,0,0,1
BACKGROUND_Google,0.168371189,0.534673919,0.370542112,0,0,1
BACKGROUND_Google,0.334820453,0.470299053,0.436688435,0,0,1
BACKGROUND_Google,0.156517658,0.538356683,0.378862198,0,0,1
BACKGROUND_Google,0.500489492,0.329196096,0.071505449,0,0,1
BACKGROUND_Google,0.156822882,0.547747753,0.396494435,0,0,1
BACKGROUND_Google,0.3203133,0.521958375,0.470853503,0,0,1
BACKGROUND_Google,0.507605732,0.308003239,0.540188267,0,0,1
BACKGROUND_Google,0.43498987,0.373983851,0.551098701,0,0,1
BACKGROUND_Google,0.333647151,0.466968473,0.42164882,0,0,1
BACKGROUND_Google,0.160858123,0.551499951,0.309731457,0,0,1
BACKGROUND_Google,0.373521263,0.727847066,0.559433616,0,0,1
BACKGROUND_Google,0.428612436,0.448510912,0.4914572,0,0,1
BACKGROUND_Google,0.212139063,0.543981724,0.40474731,0,0,1
BACKGROUND_Google,0.480717513,0.696970891,0.682773312,0,0,1
BACKGROUND_Google,0.396320716,0.514957128,0.460331925,0,0,1
BACKGROUND_Google,0.223079258,0.633922039,0.324258863,0,0,1
BACKGROUND_Google,0.147569597,0.564169889,0.391000134,0,0,1
BACKGROUND_Google,0.435104608,0.46456373,0.529669098,0,0,1
BACKGROUND_Google,0.165057758,0.533993775,0.368564958,0,0,1
BACKGROUND_Google,0.395530207,0.350655226,0.545752632,0,0,1
BACKGROUND_Google,0.432579662,0.449504072,0.494436504,0,0,1
BACKGROUND_Google,0.67358107,0.812331712,0.316730372,0,0,1
BACKGROUND_Google,0.148513117,0.532205028,0.353343464,0,0,1
BACKGROUND_Google,0.358894211,0.513721768,0.607498002,0,0,1
BACKGROUND_Google,0.52269697,0.565632185,0.584798697,0,0,1
BACKGROUND_Google,0.500354534,0.332237233,0.077302112,0,0,1
BACKGROUND_Google,0.155457976,0.539029248,0.364850983,0,0,1
BACKGROUND_Google,0.161589454,0.549570568,0.360477259,0,0,1
BACKGROUND_Google,0.5148114,0.294666846,0.552434691,0,0,1
BACKGROUND_Google,0.47628212,0.700086149,0.677479913,0,0,1
BACKGROUND_Google,0.503145728,0.457623898,0.623467713,0,0,1
BACKGROUND_Google,0.317338335,0.513340423,0.472634575,0,0,1
BACKGROUND_Google,0.400644288,0.42834525,0.566070733,0,0,1
BACKGROUND_Google,0.359430096,0.539926746,0.716121077,0,0,1
BACKGROUND_Google,0.459999172,0.617193559,0.506743705,0,0,1
BACKGROUND_Google,0.530942696,0.353891747,0.110449428,0,0,1
BACKGROUND_Google,0.39915852,0.590249982,0.523462648,0,0,1
BACKGROUND_Google,0.512788154,0.277177719,0.653009608,0,0,1
BACKGROUND_Google,0.141929183,0.564455225,0.386263343,0,0,1
BACKGROUND_Google,0.495052525,0.866623912,0.790678689,0,0,1
BACKGROUND_Google,0.177330904,0.54323546,0.383864596,0,0,1
BACKGROUND_Google,0.555073006,0.632006457,0.65870745,0,0,1
BACKGROUND_Google,0.145914294,0.542573215,0.387752207,0,0,1
BACKGROUND_Google,0.14873116,0.482953974,0.441816667,0,0,1
BACKGROUND_Google,0.162227206,0.535289643,0.363262263,0,0,1
BACKGROUND_Google,0.641780665,0.759074042,0.675459392,0,0,1
BACKGROUND_Google,0.581823323,0.649366752,0.625787473,0,0,1
BACKGROUND_Google,0.324641822,0.519226039,0.474295646,0,0,1
BACKGROUND_Google,0.353737392,0.34051046,0.558096744,0,0,1
BACKGROUND_Google,0.163283918,0.550316426,0.367185242,0,0,1
BACKGROUND_Google,0.202631885,0.538849965,0.397486265,0,0,1
BACKGROUND_Google,0.389790747,0.368468165,0.563801744,0,0,1
BACKGROUND_Google,0.357504961,0.464449709,0.543507866,0,0,1
BACKGROUND_Google,0.208704111,0.539341827,0.400745162,0,0,1
BACKGROUND_Google,0.320282828,0.461935035,0.405075744,0,0,1
BACKGROUND_Google,0.41496907,0.464105613,0.524012358,0,0,1
BACKGROUND_Google,0.17213711,0.554029968,0.351114352,0,0,1
BACKGROUND_Google,0.172492231,0.554043878,0.351059536,0,0,1
BACKGROUND_Google,0.331000346,0.438317402,0.521436643,0,0,1
BACKGROUND_Google,0.482044344,0.245811979,0.641886766,0,0,1
BACKGROUND_Google,0.33064605,0.491893125,0.47207884,0,0,1
BACKGROUND_Google,0.477054972,0.702473331,0.653958681,0,0,1
BACKGROUND_Google,0.158946713,0.546789939,0.395853265,0,0,1
BACKGROUND_Google,0.368892469,0.612513679,0.501570466,0,0,1
BACKGROUND_Google,0.357881617,0.515773109,0.591650057,0,0,1
BACKGROUND_Google,0.54523275,0.609856216,0.607637942,0,0,1
BACKGROUND_Google,0.455817388,0.419790041,0.519352124,0,0,1
BACKGROUND_Google,0.474882427,0.471164112,0.513436116,0,0,1
BACKGROUND_Google,0.202153044,0.574177843,0.355676528,0,0,1
BACKGROUND_Google,0.229361684,0.550527844,0.386001531,0,0,1
BACKGROUND_Google,0.198547226,0.577760027,0.362849203,0,0,1
BACKGROUND_Google,0.443409486,0.650943786,0.620567915,0,0,1
BACKGROUND_Google,0.324028586,0.495375567,0.467523526,0,0,1
BACKGROUND_Google,0.337417253,0.426569291,0.536878275,0,0,1
BACKGROUND_Google,0.203886474,0.566488895,0.351978567,0,0,1
BACKGROUND_Google,0.358494738,0.503414839,0.610368165,0,0,1
BACKGROUND_Google,0.361911806,0.506194538,0.585195242,0,0,1
BACKGROUND_Google,0.520051374,0.369855992,0.442282729,0,0,1
BACKGROUND_Google,0.403207355,0.444120648,0.499441233,0,0,1
BACKGROUND_Google,0.155797184,0.543560661,0.353255613,0,0,1
BACKGROUND_Google,0.14581595,0.539983611,0.341534957,0,0,1
BACKGROUND_Google,0.439813083,0.62139022,0.636284735,0,0,1
BACKGROUND_Google,0.354433268,0.441652031,0.555893595,0,0,1
BACKGROUND_Google,0.353697921,0.441526853,0.556124079,0,0,1
BACKGROUND_Google,0.397877206,0.510392495,0.449767607,0,0,1
BACKGROUND_Google,0.356497171,0.907025982,0.659735315,0,0,1
BACKGROUND_Google,0.4522195,0.69906326,0.759180047,0,0,1
BACKGROUND_Google,0.404549597,0.444932179,0.497065762,0,0,1
BACKGROUND_Google,0.658052195,0.511696809,0.316634104,0,0,1
BACKGROUND_Google,0.476373138,0.61357183,0.640474538,0,0,1
BACKGROUND_Google,0.402970802,0.48914694,0.519756731,0,0,1
BACKGROUND_Google,0.399450172,0.349802755,0.545325983,0,0,1
BACKGROUND_Google,0.179684276,0.541873852,0.383431166,0,0,1
BACKGROUND_Google,0.305698818,0.408750672,0.694802129,0,0,1
BACKGROUND_Google,0.402906758,0.505324881,0.478592083,0,0,1
BACKGROUND_Google,0.522274191,0.633732371,0.696115734,0,0,1
BACKGROUND_Google,0.148769692,0.541200275,0.345460901,0,0,1
BACKGROUND_Google,0.212055487,0.530018476,0.399643843,0,0,1
BACKGROUND_Google,0.206671404,0.536973529,0.399921558,0,0,1
BACKGROUND_Google,0.350733259,0.210328224,0.679619885,0,0,1
BACKGROUND_Google,0.39273827,0.531785493,0.485495224,0,0,1
BACKGROUND_Google,0.397174243,0.441727127,0.584226138,0,0,1
BACKGROUND_Google,0.369564378,0.536274847,0.560543848,0,0,1
BACKGROUND_Google,0.490725922,0.666061986,0.670230388,0,0,1
BACKGROUND_Google,0.396319831,0.51497494,0.460237563,0,0,1
BACKGROUND_Google,0.660871438,0.781440245,0.701159601,0,0,1
BACKGROUND_Google,0.166202838,0.545096669,0.366727133,0,0,1
BACKGROUND_Google,0.159852543,0.538192988,0.345814719,0,0,1
BACKGROUND_Google,0.367770136,0.875110425,0.633051318,0,0,1
BACKGROUND_Google,0.466692819,0.550722606,0.747946667,0,0,1
BACKGROUND_Google,0.160865357,0.551496184,0.309491871,0,0,1
BACKGROUND_Google,0.33052392,0.515831887,0.467523539,0,0,1
BACKGROUND_Google,0.559789435,0.348579803,0.734244855,0,0,1
BACKGROUND_Google,0.349837333,0.541489902,0.663679972,0,0,1
BACKGROUND_Google,0.3309709,0.439267881,0.521009666,0,0,1
BACKGROUND_Google,0.398309642,0.50741578,0.4785812,0,0,1
BACKGROUND_Google,0.4988474,0.554562347,0.639632449,0,0,1
BACKGROUND_Google,0.214609092,0.652547333,0.334180253,0,0,1
BACKGROUND_Google,0.148254694,0.564571657,0.392982135,0,0,1
BACKGROUND_Google,0.397272366,0.511808558,0.45299667,0,0,1
BACKGROUND_Google,0.582410147,0.272248318,0.607242456,0,0,1
BACKGROUND_Google,0.798022006,0.518598934,0.475577674,0,0,1
BACKGROUND_Google,0.403485256,0.423347672,0.562589274,0,0,1
BACKGROUND_Google,0.459548322,0.583656516,0.568955855,0,0,1
BACKGROUND_Google,0.613146397,0.745770329,0.689322978,0,0,1
BACKGROUND_Google,0.750465527,0.535475534,0.377682386,0,0,1
BACKGROUND_Google,0.419693085,0.494387231,0.719416008,0,0,1
BACKGROUND_Google,0.380442283,0.397899587,0.6896984,0,0,1
BACKGROUND_Google,0.364516025,0.587339831,0.561895633,0,0,1
BACKGROUND_Google,0.147889647,0.537440098,0.349429991,0,0,1
BACKGROUND_Google,0.313779311,0.509928739,0.472583676,0,0,1
BACKGROUND_Google,0.40815062,0.468106465,0.523857336,0,0,1
BACKGROUND_Google,0.426477941,0.416382505,0.586962947,0,0,1
BACKGROUND_Google,0.327116627,0.491319848,0.407129601,0,0,1
BACKGROUND_Google,0.568740098,0.751928856,0.658337168,0,0,1
BACKGROUND_Google,0.331695496,0.444936997,0.519766783,0,0,1
BACKGROUND_Google,0.428756369,0.394849862,0.501521879,0,0,1
BACKGROUND_Google,0.162966068,0.538007604,0.367151562,0,0,1
BACKGROUND_Google,0.141886695,0.564499562,0.386317492,0,0,1
BACKGROUND_Google,0.331500948,0.491987782,0.465381846,0,0,1
BACKGROUND_Google,0.240077817,0.68050137,0.36143892,0,0,1
BACKGROUND_Google,0.481012219,0.336772892,0.113000882,0,0,1
BACKGROUND_Google,0.39116413,0.450000451,0.52199178,0,0,1
BACKGROUND_Google,0.171937892,0.540016756,0.374602235,0,0,1
BACKGROUND_Google,0.455265835,0.593768418,0.554197005,0,0,1
BACKGROUND_Google,0.439355227,0.659827471,0.742652476,0,0,1
BACKGROUND_Google,0.158634459,0.552739483,0.355000769,0,0,1
BACKGROUND_Google,0.634691444,0.622546887,0.653787223,0,0,1
BACKGROUND_Google,0.357197709,0.54533579,0.708948174,0,0,1
BACKGROUND_Google,0.372455908,0.725515698,0.559816859,0,0,1
BACKGROUND_Google,0.523198341,0.895126973,0.276022527,0,0,1
BACKGROUND_Google,0.151260611,0.543941858,0.342768053,0,0,1
BACKGROUND_Google,0.542015157,0.511401426,0.489158641,0,0,1
BACKGROUND_Google,0.234827151,0.68169351,0.354477101,0,0,1
BACKGROUND_Google,0.688921084,0.544669206,0.350790381,0,0,1
BACKGROUND_Google,0.658747331,0.839353253,0.356861777,0,0,1
BACKGROUND_Google,0.403983562,0.598362154,0.388734472,0,0,1
BACKGROUND_Google,0.379943551,0.710743114,0.58251753,0,0,1
BACKGROUND_Google,0.643411252,0.512119458,0.317880373,0,0,1
BACKGROUND_Google,0.361443172,0.607744667,0.415806551,0,0,1
BACKGROUND_Google,0.655554304,0.436230392,0.480439313,0,0,1
BACKGROUND_Google,0.369551849,0.221521256,0.578452611,0,0,1
BACKGROUND_Google,0.318877404,0.588517926,0.757543285,0,0,1
BACKGROUND_Google,0.414352951,0.598399462,0.373039483,0,0,1
BACKGROUND_Google,0.156927459,0.54956312,0.349456705,0,0,1
BACKGROUND_Google,0.388852625,0.445973741,0.520837447,0,0,1
BACKGROUND_Google,0.407461509,0.481988127,0.525687359,0,0,1
BACKGROUND_Google,0.391161283,0.444331862,0.584883348,0,0,1
BACKGROUND_Google,0.455699557,0.424860384,0.514803893,0,0,1
BACKGROUND_Google,0.327513315,0.489384101,0.40887581,0,0,1
BACKGROUND_Google,0.592092695,0.750551187,0.680610045,0,0,1
BACKGROUND_Google,0.395447275,0.473006104,0.52479598,0,0,1
BACKGROUND_Google,0.365275281,0.917710156,0.628092992,0,0,1
BACKGROUND_Google,0.370301909,0.874239225,0.633562366,0,0,1
BACKGROUND_Google,0.437482404,0.369024009,0.556380253,0,0,1
BACKGROUND_Google,0.509669763,0.633035329,0.66510602,0,0,1
BACKGROUND_Google,0.333413364,0.467841054,0.437202036,0,0,1
BACKGROUND_Google,0.631835239,0.563064483,0.810283759,0,0,1
BACKGROUND_Google,0.391842438,0.451379866,0.521692346,0,0,1
BACKGROUND_Google,0.394197472,0.423114655,0.57514526,0,0,1
BACKGROUND_Google,0.434456709,0.403986233,0.429722042,0,0,1
BACKGROUND_Google,0.344006132,0.480358487,0.500411191,0,0,1
BACKGROUND_Google,0.469842532,0.67302779,0.667562576,0,0,1
BACKGROUND_Google,0.156810628,0.540946758,0.353242171,0,0,1
BACKGROUND_Google,0.466229484,0.603786839,0.62533986,0,0,1
BACKGROUND_Google,0.363535648,0.587170809,0.57532628,0,0,1
BACKGROUND_Google,0.642271447,0.525900869,0.290527997,0,0,1
BACKGROUND_Google,0.355350223,0.440763215,0.556390761,0,0,1
BACKGROUND_Google,0.332014289,0.446752288,0.519411337,0,0,1
BACKGROUND_Google,0.408588511,0.455491656,0.543629722,0,0,1
BACKGROUND_Google,0.320678953,0.620216429,0.54072649,0,0,1
BACKGROUND_Google,0.633746701,0.689092872,0.618372773,0,0,1
BACKGROUND_Google,0.171426554,0.533962784,0.360678748,0,0,1
BACKGROUND_Google,0.348446654,0.330035404,0.563276299,0,0,1
BACKGROUND_Google,0.435118292,0.374308157,0.536089515,0,0,1
BACKGROUND_Google,0.465644112,0.361154155,0.625469476,0,0,1
BACKGROUND_Google,0.160586086,0.539652469,0.350768823,0,0,1
BACKGROUND_Google,0.523825919,0.511818437,0.722415599,0,0,1
BACKGROUND_Google,0.165025865,0.548160908,0.356542558,0,0,1
BACKGROUND_Google,0.473245341,0.702446045,0.673880432,0,0,1
BACKGROUND_Google,0.615166765,0.535387866,0.814574181,0,0,1
BACKGROUND_Google,0.148480586,0.533401663,0.355572492,0,0,1
BACKGROUND_Google,0.342779344,0.418058719,0.553021668,0,0,1
BACKGROUND_Google,0.440648184,0.540016218,0.509439082,0,0,1
BACKGROUND_Google,0.595017311,0.231637677,0.203932628,0,0,1
BACKGROUND_Google,0.331648263,0.516217034,0.466267757,0,0,1
BACKGROUND_Google,0.47443923,0.701714012,0.675189279,0,0,1
BACKGROUND_Google,0.400329576,0.704611607,0.720387496,0,0,1
BACKGROUND_Google,0.140043697,0.535138452,0.34100737,0,0,1
BACKGROUND_Google,0.410649087,0.529991857,0.477355108,0,0,1
BACKGROUND_Google,0.561781203,0.624036304,0.537031094,0,0,1
BACKGROUND_Google,0.175477713,0.538041214,0.351076551,0,0,1
BACKGROUND_Google,0.154311591,0.541592748,0.365641515,0,0,1
BACKGROUND_Google,0.513275219,0.352563017,0.585235794,0,0,1
BACKGROUND_Google,0.513459485,0.630203519,0.616757625,0,0,1
BACKGROUND_Google,0.440170965,0.663104287,0.740312674,0,0,1
BACKGROUND_Google,0.411020518,0.527398505,0.48154684,0,0,1
BACKGROUND_Google,0.413032009,0.374894564,0.484382088,0,0,1
BACKGROUND_Google,0.347785757,0.465116437,0.534400746,0,0,1
BACKGROUND_Google,0.265831025,0.54426617,0.587039035,0,0,1
BACKGROUND_Google,0.447052937,0.451628194,0.515835408,0,0,1
BACKGROUND_Google,0.390282261,0.431517883,0.581979891,0,0,1
BACKGROUND_Google,0.217297321,0.548180431,0.409139911,0,0,1
BACKGROUND_Google,0.486099266,0.667788912,0.647363123,0,0,1
BACKGROUND_Google,0.571406181,0.751692789,0.666864046,0,0,1
BACKGROUND_Google,0.53462716,0.522554193,0.715692949,0,0,1
BACKGROUND_Google,0.343883239,0.460563174,0.524006815,0,0,1
BACKGROUND_Google,0.145822961,0.530243307,0.356325274,0,0,1
BACKGROUND_Google,0.507041176,0.307907653,0.53843272,0,0,1
BACKGROUND_Google,0.449982485,0.634368159,0.530902155,0,0,1
BACKGROUND_Google,0.681196399,0.448862628,0.445815866,0,0,1
BACKGROUND_Google,0.142762795,0.538762039,0.384262837,0,0,1
BACKGROUND_Google,0.319976393,0.456549319,0.407738834,0,0,1
BACKGROUND_Google,0.319923042,0.455889736,0.408018071,0,0,1
BACKGROUND_Google,0.360199444,0.509374266,0.610433469,0,0,1
BACKGROUND_Google,0.398451558,0.43633756,0.569692448,0,0,1
BACKGROUND_Google,0.219697483,0.637139466,0.321444684,0,0,1
BACKGROUND_Google,0.335526759,0.471589907,0.436618422,0,0,1
BACKGROUND_Google,0.720140056,0.46296928,0.427906449,0,0,1
BACKGROUND_Google,0.584974326,0.256004026,0.647409748,0,0,1
BACKGROUND_Google,0.36896736,0.916133041,0.628483812,0,0,1
BACKGROUND_Google,0.420946515,0.46156465,0.551958711,0,0,1
BACKGROUND_Google,0.365171047,0.617381691,0.385342788,0,0,1
BACKGROUND_Google,0.565825089,0.820717312,0.355830207,0,0,1
BACKGROUND_Google,0.384427043,0.908156901,0.643191993,0,0,1
BACKGROUND_Google,0.360775005,0.469242354,0.543420872,0,0,1
BACKGROUND_Google,0.150960914,0.532208554,0.358608027,0,0,1
BACKGROUND_Google,0.722619243,0.510211831,0.488319339,0,0,1
BACKGROUND_Google,0.389523162,0.351302744,0.546909087,0,0,1
BACKGROUND_Google,0.438119974,0.456085142,0.516639222,0,0,1
BACKGROUND_Google,0.214977717,0.5570606,0.355411099,0,0,1
BACKGROUND_Google,0.451855338,0.698970105,0.758959566,0,0,1
BACKGROUND_Google,0.345118317,0.476579877,0.540979915,0,0,1
BACKGROUND_Google,0.652186486,0.525345938,0.329022185,0,0,1
BACKGROUND_Google,0.446912898,0.40426885,0.535962692,0,0,1
BACKGROUND_Google,0.390903785,0.571836421,0.372249962,0,0,1
BACKGROUND_Google,0.368138531,0.713241823,0.564182118,0,0,1
BACKGROUND_Google,0.513947926,0.328908488,0.169040505,0,0,1
BACKGROUND_Google,0.606454455,0.749122786,0.651502191,0,0,1
BACKGROUND_Google,0.330931979,0.49200972,0.473575685,0,0,1
BACKGROUND_Google,0.446012327,0.678375642,0.669064608,0,0,1
BACKGROUND_Google,0.310983546,0.50873924,0.470872472,0,0,1
BACKGROUND_Google,0.176445299,0.530638489,0.35806057,0,0,1
BACKGROUND_Google,0.47034911,0.480137844,0.49667895,0,0,1
BACKGROUND_Google,0.537154647,0.34309978,0.716163067,0,0,1
BACKGROUND_Google,0.15731195,0.550241912,0.333027578,0,0,1
BACKGROUND_Google,0.472134404,0.394069019,0.561030122,0,0,1
Faces,0.539078936,0.324542008,0.10619721,1,0,0
Faces,0.484758677,0.272559003,0.082168447,1,0,0
Faces,0.563282848,0.321671862,0.240533658,1,0,0
Faces,0.528378271,0.239948749,0.072821669,1,0,0
Faces,0.535703633,0.301570471,0.098943862,1,0,0
Faces,0.514937395,0.253423515,0.095511804,1,0,0
Faces,0.589161095,0.262185312,0.024886676,1,0,0
Faces,0.591202809,0.264719094,0.02838877,1,0,0
Faces,0.562716898,0.299661178,0.055351358,1,0,0
Faces,0.545988159,0.272888944,0.083550457,1,0,0
Faces,0.540953306,0.299382321,0.097318856,1,0,0
Faces,0.526367121,0.247180363,0.092201548,1,0,0
Faces,0.540448964,0.292479796,0.092915128,1,0,0
Faces,0.557124762,0.306710799,0.060780691,1,0,0
Faces,0.547505607,0.329201693,0.240195708,1,0,0
Faces,0.549183264,0.328276586,0.238899377,1,0,0
Faces,0.547176101,0.270450453,0.084383751,1,0,0
Faces,0.627266396,0.230986286,0.09127213,1,0,0
Faces,0.540388247,0.296289918,0.095669138,1,0,0
Faces,0.516247901,0.268470909,0.08237,1,0,0
Faces,0.578143317,0.324232872,0.227531372,1,0,0
Faces,0.506528263,0.317276891,0.131865107,1,0,0
Faces,0.512344501,0.3018345,0.108781481,1,0,0
Faces,0.502239925,0.265988383,0.085937627,1,0,0
Faces,0.530106057,0.287332348,0.10454379,1,0,0
Faces,0.583801603,0.307849588,0.068239619,1,0,0
Faces,0.528935745,0.288788417,0.102334456,1,0,0
Faces,0.53332076,0.283119441,0.106301867,1,0,0
Faces,0.504424008,0.316618248,0.12924543,1,0,0
Faces,0.521129877,0.283836581,0.09683236,1,0,0
Faces,0.51483344,0.25013128,0.102693983,1,0,0
Faces,0.518109684,0.29127495,0.100570177,1,0,0
Faces,0.528496127,0.321473629,0.111944544,1,0,0
Faces,0.521425638,0.316877405,0.117633994,1,0,0
Faces,0.495125183,0.320863995,0.13392235,1,0,0
Faces,0.525855123,0.287708066,0.101141445,1,0,0
Faces,0.552383612,0.278797953,0.120161886,1,0,0
Faces,0.51830785,0.302213195,0.10914504,1,0,0
Faces,0.52908616,0.294386037,0.131289247,1,0,0
Faces,0.502798364,0.31463326,0.136448336,1,0,0
Faces,0.519335509,0.289867396,0.100196745,1,0,0
Faces,0.52646705,0.326557606,0.108813525,1,0,0
Faces,0.506602888,0.313774095,0.094410283,1,0,0
Faces,0.491609231,0.307302209,0.130700237,1,0,0
Faces,0.528420244,0.320124118,0.105692049,1,0,0
Faces,0.581638785,0.319561764,0.056504347,1,0,0
Faces,0.569891578,0.300252999,0.047323922,1,0,0
Faces,0.549560538,0.293111302,0.047999728,1,0,0
Faces,0.549099554,0.285385216,0.042348779,1,0,0
Faces,0.540477252,0.276773535,0.05134572,1,0,0
Faces,0.527700374,0.321201451,0.125980173,1,0,0
Faces,0.50168986,0.288086247,0.084317499,1,0,0
Faces,0.538951696,0.320447933,0.122203247,1,0,0
Faces,0.576778539,0.304264812,0.057734469,1,0,0
Faces,0.550639864,0.295583452,0.048432626,1,0,0
Faces,0.544047042,0.274869336,0.044600366,1,0,0
Faces,0.588722072,0.319934768,0.073651474,1,0,0
Faces,0.497844463,0.288015632,0.089578393,1,0,0
Faces,0.55511604,0.320170664,0.04023575,1,0,0
Faces,0.547506966,0.29002553,0.047483474,1,0,0
Faces,0.592911346,0.318858689,0.057600851,1,0,0
Faces,0.588472924,0.316870244,0.057282223,1,0,0
Faces,0.571591068,0.304113476,0.054874039,1,0,0
Faces,0.484791275,0.30691208,0.140354218,1,0,0
Faces,0.497494214,0.31524107,0.134621214,1,0,0
Faces,0.585992817,0.31340171,0.056240042,1,0,0
Faces,0.571802929,0.290977678,0.050114417,1,0,0
Faces,0.549984934,0.290233369,0.04544507,1,0,0
Faces,0.598110551,0.359945103,0.16177055,1,0,0
Faces,0.585631486,0.350529097,0.176468285,1,0,0
Faces,0.577260778,0.347510672,0.192727816,1,0,0
Faces,0.599358673,0.355226631,0.155842008,1,0,0
Faces,0.599280916,0.354888592,0.159883736,1,0,0
Faces,0.603728969,0.355030328,0.159729677,1,0,0
Faces,0.586571965,0.347556429,0.179260373,1,0,0
Faces,0.57880473,0.347696414,0.190194269,1,0,0
Faces,0.572776835,0.343403556,0.164046724,1,0,0
Faces,0.603183921,0.354070436,0.157663284,1,0,0
Faces,0.574473361,0.351140228,0.170679296,1,0,0
Faces,0.584673893,0.349323548,0.176023428,1,0,0
Faces,0.599056308,0.35574572,0.156341277,1,0,0
Faces,0.572316606,0.342825336,0.162662167,1,0,0
Faces,0.600931418,0.359499899,0.162261721,1,0,0
Faces,0.572516396,0.346717163,0.174347947,1,0,0
Faces,0.576957673,0.347343346,0.192425762,1,0,0
Faces,0.587452649,0.349806848,0.184806134,1,0,0
Faces,0.571929623,0.344582363,0.169309126,1,0,0
Faces,0.612535301,0.364713815,0.160955901,1,0,0
Faces,0.573694097,0.345790827,0.174480712,1,0,0
Faces,0.526509984,0.241825863,0.076196701,1,0,0
Faces,0.528628262,0.287701657,0.075162075,1,0,0
Faces,0.520251171,0.272900333,0.071733362,1,0,0
Faces,0.498647526,0.283533118,0.108727724,1,0,0
Faces,0.516527742,0.234478588,0.072993738,1,0,0
Faces,0.524501113,0.272761823,0.078100099,1,0,0
Faces,0.49278757,0.287711656,0.131952853,1,0,0
Faces,0.50216212,0.294236343,0.12859768,1,0,0
Faces,0.530935593,0.300088045,0.099062465,1,0,0
Faces,0.52800085,0.289405915,0.070315995,1,0,0
Faces,0.500328268,0.280070251,0.086971915,1,0,0
Faces,0.526823431,0.345049331,0.089174575,1,0,0
Faces,0.494312713,0.287958522,0.100280723,1,0,0
Faces,0.58938668,0.29982443,0.049265377,1,0,0
Faces,0.519852384,0.269106597,0.068588875,1,0,0
Faces,0.58854088,0.302492553,0.053756649,1,0,0
Faces,0.485064726,0.270326321,0.081161057,1,0,0
Faces,0.496992706,0.294171629,0.110978455,1,0,0
Faces,0.527921739,0.278576297,0.075226769,1,0,0
Faces,0.528739035,0.280750115,0.074715073,1,0,0
Faces,0.525943113,0.275193136,0.075506458,1,0,0
Faces,0.504889774,0.276594778,0.079487074,1,0,0
Faces,0.50519475,0.279773963,0.085865569,1,0,0
Faces,0.600511522,0.257712417,0.064008386,1,0,0
Faces,0.557517418,0.3101445,0.072009422,1,0,0
Faces,0.523239498,0.322637672,0.143786748,1,0,0
Faces,0.568326243,0.257529058,0.081446532,1,0,0
Faces,0.529510319,0.329491796,0.124287578,1,0,0
Faces,0.594390582,0.259494039,0.066313254,1,0,0
Faces,0.597294806,0.26064606,0.066159058,1,0,0
Faces,0.585220202,0.291220782,0.023436687,1,0,0
Faces,0.569827839,0.256615592,0.079328052,1,0,0
Faces,0.569007899,0.255428518,0.085886208,1,0,0
Faces,0.603920684,0.261375375,0.059870753,1,0,0
Faces,0.602158047,0.257400519,0.064561627,1,0,0
Faces,0.599950702,0.259160186,0.065027907,1,0,0
Faces,0.598282007,0.257865632,0.061691022,1,0,0
Faces,0.606869938,0.262083429,0.058565805,1,0,0
Faces,0.556375725,0.314578399,0.073604191,1,0,0
Faces,0.572607655,0.293626753,0.050827945,1,0,0
Faces,0.578123978,0.253676022,0.071399872,1,0,0
Faces,0.531657427,0.320819376,0.122652381,1,0,0
Faces,0.561302566,0.263083323,0.091536246,1,0,0
Faces,0.525490348,0.334857763,0.097671668,1,0,0
Faces,0.517649245,0.321879852,0.112509104,1,0,0
Faces,0.536878148,0.331262493,0.234284737,1,0,0
Faces,0.526011983,0.337229202,0.095600372,1,0,0
Faces,0.541036307,0.348581419,0.085101202,1,0,0
Faces,0.529728545,0.335491365,0.077099923,1,0,0
Faces,0.558806369,0.330348614,0.047898929,1,0,0
Faces,0.532504854,0.326999004,0.074206526,1,0,0
Faces,0.512300148,0.304889738,0.083368853,1,0,0
Faces,0.537993593,0.344811172,0.081872481,1,0,0
Faces,0.531309887,0.34831439,0.102671842,1,0,0
Faces,0.557030396,0.292667645,0.057056166,1,0,0
Faces,0.534770975,0.332849828,0.068742507,1,0,0
Faces,0.535546214,0.327906256,0.069991859,1,0,0
Faces,0.547281023,0.318717256,0.049052751,1,0,0
Faces,0.532871146,0.338844689,0.073456225,1,0,0
Faces,0.516265983,0.30605286,0.076763067,1,0,0
Faces,0.505870506,0.313201456,0.095254075,1,0,0
Faces,0.531797927,0.340350608,0.081107553,1,0,0
Faces,0.567090229,0.325237651,0.054681297,1,0,0
Faces,0.515381997,0.305998639,0.077703569,1,0,0
Faces,0.534562901,0.327574428,0.070735905,1,0,0
Faces,0.503287766,0.310728713,0.099924766,1,0,0
Faces,0.529238763,0.348672414,0.105227472,1,0,0
Faces,0.503233202,0.307341862,0.098990876,1,0,0
Faces,0.534717709,0.323299085,0.068701889,1,0,0
Faces,0.561792279,0.370877767,0.097256951,1,0,0
Faces,0.562523671,0.368567804,0.095494962,1,0,0
Faces,0.561409455,0.372189578,0.09823599,1,0,0
Faces,0.562864444,0.367384238,0.094580524,1,0,0
Faces,0.561944799,0.369949255,0.096698033,1,0,0
Faces,0.585377041,0.312251188,0.0542943,1,0,0
Faces,0.545953975,0.322290887,0.096472809,1,0,0
Faces,0.503663394,0.313003314,0.115424491,1,0,0
Faces,0.547722144,0.317664743,0.091817405,1,0,0
Faces,0.548518165,0.312493556,0.088807879,1,0,0
Faces,0.583932232,0.332198809,0.221056561,1,0,0
Faces,0.537527488,0.309070987,0.108205244,1,0,0
Faces,0.583966205,0.331944673,0.221286742,1,0,0
Faces,0.537194426,0.30810525,0.05626454,1,0,0
Faces,0.556153756,0.328416257,0.04723441,1,0,0
Faces,0.529890004,0.31479459,0.142318212,1,0,0
Faces,0.547639214,0.297509554,0.128269077,1,0,0
Faces,0.586031535,0.291446118,0.01968305,1,0,0
Faces,0.52946458,0.299444209,0.133033403,1,0,0
Faces,0.54769107,0.298260789,0.128265678,1,0,0
Faces,0.5412168,0.299175842,0.14213303,1,0,0
Faces,0.53513576,0.312476337,0.144676029,1,0,0
Faces,0.571893802,0.296851216,0.116728654,1,0,0
Faces,0.53901585,0.300514298,0.131493511,1,0,0
Faces,0.549662858,0.299241627,0.126368463,1,0,0
Faces,0.548549765,0.301114045,0.130336672,1,0,0
Faces,0.528551947,0.316304536,0.142805502,1,0,0
Faces,0.572854417,0.296737073,0.116657976,1,0,0
Faces,0.567352094,0.298358892,0.119295215,1,0,0
Faces,0.581038177,0.301269624,0.119972357,1,0,0
Faces,0.542996129,0.293983341,0.130022007,1,0,0
Faces,0.546864367,0.29282748,0.128732804,1,0,0
Faces,0.568456655,0.297588022,0.118705878,1,0,0
Faces,0.540708342,0.298960161,0.142918806,1,0,0
Faces,0.527347691,0.315612372,0.143917475,1,0,0
Faces,0.515068488,0.337145519,0.089944044,1,0,0
Faces,0.490815625,0.33561195,0.117784713,1,0,0
Faces,0.522323695,0.333346394,0.079075516,1,0,0
Faces,0.489709921,0.332045092,0.118073784,1,0,0
Faces,0.510791062,0.33534265,0.0869671,1,0,0
Faces,0.5177982,0.23202684,0.075786742,1,0,0
Faces,0.490816563,0.334728729,0.12240405,1,0,0
Faces,0.522567232,0.331485536,0.072911349,1,0,0
Faces,0.526568131,0.340798104,0.089398794,1,0,0
Faces,0.491250838,0.329116058,0.11504409,1,0,0
Faces,0.489934598,0.33100627,0.124307597,1,0,0
Faces,0.498031037,0.339187239,0.119393205,1,0,0
Faces,0.498225661,0.277191476,0.068749726,1,0,0
Faces,0.490725082,0.32633066,0.123188904,1,0,0
Faces,0.486672599,0.33816832,0.116663532,1,0,0
Faces,0.496546968,0.280959905,0.066715444,1,0,0
Faces,0.490447972,0.332112818,0.128018127,1,0,0
Faces,0.489558292,0.330105245,0.128187437,1,0,0
Faces,0.484604766,0.329852969,0.125020263,1,0,0
Faces,0.495973368,0.324683082,0.120290345,1,0,0
Faces,0.489133838,0.330639858,0.116161635,1,0,0
Faces,0.586063734,0.305543929,0.060498607,1,0,0
Faces,0.562842446,0.300062481,0.055504787,1,0,0
Faces,0.520223481,0.322974953,0.136666529,1,0,0
Faces,0.49919316,0.296096963,0.106952191,1,0,0
Faces,0.500633629,0.290111855,0.093584509,1,0,0
Faces,0.528256261,0.243872311,0.080087312,1,0,0
Faces,0.54189351,0.30434387,0.067812544,1,0,0
Faces,0.546766867,0.305969426,0.07342248,1,0,0
Faces,0.545858651,0.318404293,0.048576864,1,0,0
Faces,0.548491044,0.350781141,0.09469653,1,0,0
Faces,0.549690886,0.25375031,0.076678124,1,0,0
Faces,0.547454687,0.254964433,0.077238842,1,0,0
Faces,0.539598139,0.275324242,0.056044373,1,0,0
Faces,0.565038235,0.330692534,0.049122083,1,0,0
Faces,0.50171707,0.292742399,0.079786312,1,0,0
Faces,0.540839917,0.302525665,0.076120612,1,0,0
Faces,0.586174898,0.30556249,0.060670465,1,0,0
Faces,0.520280943,0.31715158,0.115066218,1,0,0
Faces,0.499329687,0.289795198,0.095969618,1,0,0
Faces,0.565684484,0.327904865,0.051575045,1,0,0
Faces,0.553819543,0.250979758,0.073560848,1,0,0
Faces,0.552978985,0.251998449,0.074468065,1,0,0
Faces,0.525894907,0.226546702,0.080753292,1,0,0
Faces,0.506085113,0.280533592,0.08990474,1,0,0
Faces,0.479519132,0.27765747,0.082575772,1,0,0
Faces,0.519477997,0.288334859,0.121374206,1,0,0
Faces,0.545052785,0.289583055,0.053349814,1,0,0
Faces,0.511673684,0.290163299,0.122578772,1,0,0
Faces,0.513795252,0.311147209,0.142873581,1,0,0
Faces,0.511769666,0.290490747,0.120123453,1,0,0
Faces,0.502839322,0.296680287,0.133101604,1,0,0
Faces,0.523343064,0.278580656,0.11036227,1,0,0
Faces,0.538445672,0.273441448,0.153397271,1,0,0
Faces,0.513109023,0.310569993,0.149503911,1,0,0
Faces,0.521394025,0.286617286,0.123856874,1,0,0
Faces,0.512856215,0.31210533,0.14351817,1,0,0
Faces,0.516031917,0.28904591,0.120623825,1,0,0
Faces,0.507119482,0.302089376,0.130655543,1,0,0
Faces,0.485043129,0.302104977,0.129920742,1,0,0
Faces,0.507519654,0.305054525,0.131957949,1,0,0
Faces,0.491462412,0.321075165,0.134697624,1,0,0
Faces,0.518342399,0.287279018,0.116379966,1,0,0
Faces,0.48803829,0.303794766,0.130005453,1,0,0
Faces,0.50378596,0.312601884,0.141125747,1,0,0
Faces,0.502289036,0.300068962,0.132914195,1,0,0
Faces,0.517269594,0.247589042,0.099535178,1,0,0
Faces,0.530451625,0.25029479,0.175942174,1,0,0
Faces,0.488864099,0.298273548,0.076487628,1,0,0
Faces,0.540968416,0.332886181,0.241162676,1,0,0
Faces,0.56400078,0.273207562,0.045211452,1,0,0
Faces,0.486980744,0.29990928,0.062659451,1,0,0
Faces,0.501170564,0.330252953,0.075459003,1,0,0
Faces,0.652717771,0.28942613,0.10017665,1,0,0
Faces,0.578553448,0.274040056,0.12400006,1,0,0
Faces,0.518218591,0.314054147,0.146363981,1,0,0
Faces,0.561465223,0.289721643,0.130189844,1,0,0
Faces,0.523572319,0.300152046,0.116042905,1,0,0
Faces,0.587952234,0.288810594,0.13268005,1,0,0
Faces,0.555877283,0.282084468,0.119344775,1,0,0
Faces,0.577438884,0.282918376,0.14899349,1,0,0
Faces,0.599676391,0.281962593,0.07136438,1,0,0
Faces,0.557070469,0.303625342,0.133799875,1,0,0
Faces,0.576144741,0.302697323,0.121661181,1,0,0
Faces,0.598212379,0.284646726,0.069324501,1,0,0
Faces,0.574070308,0.296597349,0.141711761,1,0,0
Faces,0.559642518,0.284307308,0.117050514,1,0,0
Faces,0.56271579,0.289213365,0.127226942,1,0,0
Faces,0.560140176,0.290608183,0.135783136,1,0,0
Faces,0.551520641,0.302579657,0.121234082,1,0,0
Faces,0.567827028,0.286120066,0.142990453,1,0,0
Faces,0.563732344,0.289007484,0.129665581,1,0,0
Faces,0.510501076,0.325530842,0.143464307,1,0,0
Faces,0.553592495,0.33643064,0.099149905,1,0,0
Faces,0.574350732,0.320783454,0.228603403,1,0,0
Faces,0.549476441,0.287175029,0.061145541,1,0,0
Faces,0.514785548,0.330345312,0.151804865,1,0,0
Faces,0.550802516,0.340904314,0.090912939,1,0,0
Faces,0.548335294,0.320873563,0.076020299,1,0,0
Faces,0.515011058,0.330314754,0.151848083,1,0,0
Faces,0.568590282,0.341273789,0.179352472,1,0,0
Faces,0.496006888,0.310562791,0.105025596,1,0,0
Faces,0.560153876,0.326058013,0.238669598,1,0,0
Faces,0.541909691,0.330286583,0.239909925,1,0,0
Faces,0.551980078,0.339743678,0.090503195,1,0,0
Faces,0.573186508,0.32174288,0.228058785,1,0,0
Faces,0.570769583,0.32096525,0.230685689,1,0,0
Faces,0.550145306,0.329547748,0.232935923,1,0,0
Faces,0.538226454,0.328067433,0.105366811,1,0,0
Faces,0.551981632,0.332237017,0.104989696,1,0,0
Faces,0.547754299,0.32181034,0.076088097,1,0,0
Faces,0.572444314,0.319922566,0.230777643,1,0,0
Faces,0.572412945,0.306107057,0.230033337,1,0,0
Faces,0.632838709,0.199925768,0.182092334,1,0,0
Faces,0.543241695,0.303389677,0.096827349,1,0,0
Faces,0.54507022,0.34823227,0.096706745,1,0,0
Faces,0.563307753,0.314082189,0.23429272,1,0,0
Faces,0.577543404,0.181865217,0.16255701,1,0,0
Faces,0.588781076,0.26053051,0.023033363,1,0,0
Faces,0.568007317,0.312498874,0.229797773,1,0,0
Faces,0.571970646,0.304524961,0.230590008,1,0,0
Faces,0.559161251,0.319748682,0.231745968,1,0,0
Faces,0.564257437,0.314235308,0.227532183,1,0,0
Faces,0.538039887,0.35448119,0.098642264,1,0,0
Faces,0.55575043,0.318993546,0.216720249,1,0,0
Faces,0.560325557,0.246633033,0.22443649,1,0,0
Faces,0.541865416,0.323687117,0.243845004,1,0,0
Faces,0.560755238,0.317270672,0.232763921,1,0,0
Faces,0.535639035,0.356656497,0.101165416,1,0,0
Faces,0.550349124,0.323489755,0.243638813,1,0,0
Faces,0.51845214,0.355444459,0.123831037,1,0,0
Faces,0.534320696,0.331282527,0.225221396,1,0,0
Faces,0.511049447,0.109366081,0.09298421,1,0,0
Faces,0.493357151,0.147980746,0.097124136,1,0,0
Faces,0.493919288,0.159905298,0.087772541,1,0,0
Faces,0.490875993,0.149479176,0.084003473,1,0,0
Faces,0.494426133,0.160320088,0.086478772,1,0,0
Faces,0.497712588,0.152283822,0.081884002,1,0,0
Faces,0.499012472,0.142965504,0.084573235,1,0,0
Faces,0.494507617,0.164203358,0.08558364,1,0,0
Faces,0.495770325,0.150899128,0.083172398,1,0,0
Faces,0.492375845,0.14719554,0.084359385,1,0,0
Faces,0.496691736,0.143246717,0.08376441,1,0,0
Faces,0.495372667,0.148362439,0.084451938,1,0,0
Faces,0.507714213,0.285569912,0.12593788,1,0,0
Faces,0.494767036,0.152403918,0.090035192,1,0,0
Faces,0.49626141,0.141282526,0.089347113,1,0,0
Faces,0.496686231,0.147431451,0.090425348,1,0,0
Faces,0.498828407,0.149281742,0.093709022,1,0,0
Faces,0.496573909,0.145564886,0.087894703,1,0,0
Faces,0.50179424,0.146354968,0.089036437,1,0,0
Faces,0.494565638,0.149575487,0.093288717,1,0,0
Faces,0.552423008,0.314844337,0.04688338,1,0,0
Faces,0.545702639,0.347140588,0.09111559,1,0,0
Faces,0.585412521,0.291261944,0.02256201,1,0,0
Faces,0.573797586,0.275878424,0.067356285,1,0,0
Faces,0.566577323,0.30844638,0.078490359,1,0,0
Faces,0.566491904,0.260305006,0.079888842,1,0,0
Faces,0.554170537,0.336134515,0.097226952,1,0,0
Faces,0.590640191,0.290401659,0.067564371,1,0,0
Faces,0.563729052,0.263045077,0.079463616,1,0,0
Faces,0.571136253,0.280833622,0.070704803,1,0,0
Faces,0.567380926,0.290696152,0.039831177,1,0,0
Faces,0.579000338,0.270124878,0.07128621,1,0,0
Faces,0.592819217,0.290024647,0.069182675,1,0,0
Faces,0.576673358,0.270107513,0.071179043,1,0,0
Faces,0.526235572,0.330926315,0.130424059,1,0,0
Faces,0.583800236,0.269479541,0.073282842,1,0,0
Faces,0.589400429,0.287675624,0.064380835,1,0,0
Faces,0.587349397,0.269751223,0.072455988,1,0,0
Faces,0.59482299,0.283672487,0.062187744,1,0,0
Faces,0.511316871,0.334605723,0.094987783,1,0,0
Faces,0.614253987,0.310626169,0.088867339,1,0,0
Faces,0.481562345,0.299536396,0.066304284,1,0,0
Faces,0.483069647,0.304879123,0.082822144,1,0,0
Faces,0.48011759,0.292531523,0.08032481,1,0,0
Faces,0.519178024,0.250848145,0.08579719,1,0,0
Faces,0.614223679,0.310609461,0.088855865,1,0,0
Faces,0.474899164,0.303128768,0.07969838,1,0,0
Faces,0.479326934,0.302574517,0.065925922,1,0,0
Faces,0.478253489,0.301979875,0.071111255,1,0,0
Faces,0.476190155,0.298581009,0.078974811,1,0,0
Faces,0.516654514,0.252945334,0.091427062,1,0,0
Faces,0.482702105,0.30110682,0.083776551,1,0,0
Faces,0.481418075,0.308062152,0.07792145,1,0,0
Faces,0.476543569,0.295920883,0.0851144,1,0,0
Faces,0.481319698,0.300340516,0.080398999,1,0,0
Faces,0.478971824,0.299456391,0.077900976,1,0,0
Faces,0.47992035,0.304699815,0.080978261,1,0,0
Faces,0.484488773,0.300964947,0.076922771,1,0,0
Faces,0.481171872,0.32350857,0.108543449,1,0,0
Faces,0.47887088,0.279370861,0.082177411,1,0,0
Faces,0.482530137,0.293676075,0.085449655,1,0,0
Faces,0.479528252,0.308240731,0.07427951,1,0,0
Faces,0.497715794,0.317294921,0.124157624,1,0,0
Faces,0.449828507,0.450623075,0.463629525,1,0,0
Faces,0.509800288,0.294920362,0.09391647,1,0,0
Faces,0.492583877,0.397791471,0.324494016,1,0,0
Faces,0.496457039,0.393461597,0.31465822,1,0,0
Faces,0.535857272,0.33416644,0.107967299,1,0,0
Faces,0.525128921,0.335964328,0.106968268,1,0,0
Faces,0.547161867,0.326381816,0.077556761,1,0,0
Faces,0.496128225,0.266482382,0.085936535,1,0,0
Faces,0.534192234,0.336499135,0.097891189,1,0,0
Faces,0.492539477,0.274132313,0.083931243,1,0,0
Faces,0.5411291,0.309447875,0.056151112,1,0,0
Faces,0.588332642,0.276310516,0.054536707,1,0,0
Faces,0.485073014,0.307645365,0.140480422,1,0,0
Faces,0.55646808,0.309222429,0.040243715,1,0,0
Faces,0.570339436,0.269950874,0.060201451,1,0,0
Faces,0.584027216,0.272220062,0.054394898,1,0,0
Faces,0.511274723,0.276026126,0.075023245,1,0,0
Faces,0.51636267,0.234378344,0.072645888,1,0,0
Faces,0.570109496,0.279213533,0.049890591,1,0,0
Faces,0.568498848,0.316050429,0.051770292,1,0,0
Faces,0.589308375,0.277414172,0.055572238,1,0,0
Faces,0.573105818,0.274255914,0.052993247,1,0,0
Faces,0.573756098,0.274087893,0.052339278,1,0,0
Faces,0.521141452,0.296805178,0.05249104,1,0,0
Faces,0.55194839,0.317512895,0.048627721,1,0,0
Faces,0.548925549,0.315466227,0.054012631,1,0,0
Faces,0.578002186,0.271803183,0.048468034,1,0,0
Faces,0.571345059,0.286789976,0.049120039,1,0,0
Faces,0.521154326,0.296765256,0.052317968,1,0,0
Faces,0.566819208,0.262406024,0.050166252,1,0,0
Faces,0.497259721,0.279517064,0.106278532,1,0,0
Faces,0.597410097,0.272110103,0.049202587,1,0,0
Faces,0.501068913,0.286110136,0.086201706,1,0,0
Faces,0.524797557,0.296991997,0.064175088,1,0,0
Faces,0.583544512,0.27071112,0.055318963,1,0,0
Faces,0.627858355,0.266246887,0.130841079,1,0,0
Faces,0.567920446,0.31244512,0.053996422,1,0,0
Faces,0.599054651,0.239383081,0.084251005,1,0,0
Faces,0.567804457,0.277646949,0.058747246,1,0,0
Faces,0.56493186,0.262898149,0.052893007,1,0,0
Faces,0.568001893,0.308486289,0.05457911,1,0,0
Faces,0.55965044,0.263958946,0.091942192,1,0,0
Faces,0.535480421,0.247030827,0.078924503,1,0,0
Faces,0.585404964,0.263409802,0.053951451,1,0,0
Faces,0.562541591,0.265356274,0.058780871,1,0,0
Faces,0.584466278,0.266034639,0.054947321,1,0,0
Faces,0.549668181,0.303476218,0.095761534,1,0,0
Faces_easy,0.62371941,0.220497859,0.092266826,0,1,0
Faces_easy,0.636432762,0.212152715,0.081517812,0,1,0
Faces_easy,0.562682105,0.315087522,0.24370027,0,1,0
Faces_easy,0.591125675,0.242554779,0.11350684,0,1,0
Faces_easy,0.631654556,0.215954513,0.090234358,0,1,0
Faces_easy,0.588578347,0.225427176,0.119863549,0,1,0
Faces_easy,0.631237759,0.210351508,0.091976725,0,1,0
Faces_easy,0.627792216,0.213326764,0.097328116,0,1,0
Faces_easy,0.634709315,0.215661957,0.095871274,0,1,0
Faces_easy,0.591800498,0.214245395,0.123187132,0,1,0
Faces_easy,0.629523292,0.220762365,0.095807537,0,1,0
Faces_easy,0.607318184,0.219032917,0.091999753,0,1,0
Faces_easy,0.628016532,0.220002503,0.09682368,0,1,0
Faces_easy,0.636943062,0.185176752,0.118110944,0,1,0
Faces_easy,0.557975497,0.318327227,0.242625991,0,1,0
Faces_easy,0.549299529,0.324488051,0.238856002,0,1,0
Faces_easy,0.589328408,0.222924387,0.120659747,0,1,0
Faces_easy,0.629230734,0.228136781,0.093042233,0,1,0
Faces_easy,0.632336055,0.214995097,0.093052554,0,1,0
Faces_easy,0.609076195,0.224172048,0.098317805,0,1,0
Faces_easy,0.588132649,0.285015594,0.232749333,0,1,0
Faces_easy,0.558470982,0.261237071,0.158945355,0,1,0
Faces_easy,0.576440437,0.253881104,0.126255916,0,1,0
Faces_easy,0.582582522,0.250849519,0.146703367,0,1,0
Faces_easy,0.584962365,0.251127936,0.142382917,0,1,0
Faces_easy,0.603672689,0.253042506,0.137664374,0,1,0
Faces_easy,0.595067463,0.249584025,0.132685516,0,1,0
Faces_easy,0.59027903,0.250802254,0.136287789,0,1,0
Faces_easy,0.572221738,0.257737708,0.133085097,0,1,0
Faces_easy,0.578897761,0.257093656,0.140770757,0,1,0
Faces_easy,0.565925189,0.257538744,0.13900035,0,1,0
Faces_easy,0.580871104,0.253713977,0.137955759,0,1,0
Faces_easy,0.597945604,0.252679169,0.135377441,0,1,0
Faces_easy,0.602205486,0.254304492,0.139298528,0,1,0
Faces_easy,0.555067114,0.265187322,0.15852296,0,1,0
Faces_easy,0.583697054,0.251816877,0.137376292,0,1,0
Faces_easy,0.575125041,0.262094673,0.133054014,0,1,0
Faces_easy,0.568180224,0.259984996,0.14742019,0,1,0
Faces_easy,0.598210557,0.252940421,0.136701734,0,1,0
Faces_easy,0.558222448,0.26067672,0.159246641,0,1,0
Faces_easy,0.576881412,0.257401452,0.133764026,0,1,0
Faces_easy,0.61029824,0.240029425,0.145858343,0,1,0
Faces_easy,0.589124775,0.219641678,0.122886537,0,1,0
Faces_easy,0.616627734,0.198720794,0.114645656,0,1,0
Faces_easy,0.638291875,0.186252073,0.106134555,0,1,0
Faces_easy,0.638294292,0.18602483,0.106364978,0,1,0
Faces_easy,0.636944116,0.219283914,0.092023074,0,1,0
Faces_easy,0.621827022,0.241881239,0.13684702,0,1,0
Faces_easy,0.606189303,0.23900548,0.123025422,0,1,0
Faces_easy,0.610650996,0.249054986,0.132445574,0,1,0
Faces_easy,0.566944222,0.251291154,0.139137241,0,1,0
Faces_easy,0.598194387,0.235850829,0.117084281,0,1,0
Faces_easy,0.609597891,0.252012838,0.13843451,0,1,0
Faces_easy,0.612792823,0.244765296,0.129373933,0,1,0
Faces_easy,0.635504176,0.224868344,0.117442806,0,1,0
Faces_easy,0.629934559,0.21695272,0.112974304,0,1,0
Faces_easy,0.605132993,0.250716757,0.123879015,0,1,0
Faces_easy,0.606345691,0.228087119,0.097519888,0,1,0
Faces_easy,0.609759011,0.244430553,0.11296518,0,1,0
Faces_easy,0.606709224,0.245121923,0.125119535,0,1,0
Faces_easy,0.634189989,0.243862554,0.120176725,0,1,0
Faces_easy,0.63323182,0.242139575,0.120882633,0,1,0
Faces_easy,0.610606731,0.242746372,0.128306097,0,1,0
Faces_easy,0.562705878,0.254466395,0.137383774,0,1,0
Faces_easy,0.571639702,0.263984368,0.132059636,0,1,0
Faces_easy,0.633323,0.240241129,0.121016345,0,1,0
Faces_easy,0.635489612,0.224561176,0.117522924,0,1,0
Faces_easy,0.608682846,0.242921434,0.12592637,0,1,0
Faces_easy,0.613232866,0.355402537,0.182660492,0,1,0
Faces_easy,0.602859078,0.356133739,0.185276944,0,1,0
Faces_easy,0.600444027,0.352371609,0.18999832,0,1,0
Faces_easy,0.613105249,0.35688327,0.175358738,0,1,0
Faces_easy,0.616163384,0.351653219,0.173987725,0,1,0
Faces_easy,0.617891153,0.353315926,0.174798392,0,1,0
Faces_easy,0.602867792,0.352789407,0.179285797,0,1,0
Faces_easy,0.60270899,0.353021232,0.188693938,0,1,0
Faces_easy,0.610874282,0.357349755,0.170370887,0,1,0
Faces_easy,0.615769782,0.352394141,0.176418879,0,1,0
Faces_easy,0.611634134,0.360601901,0.180843298,0,1,0
Faces_easy,0.609252811,0.354397259,0.177250803,0,1,0
Faces_easy,0.614602494,0.358830128,0.176065564,0,1,0
Faces_easy,0.613669515,0.359804309,0.168159696,0,1,0
Faces_easy,0.619107794,0.354578136,0.172562272,0,1,0
Faces_easy,0.611777582,0.35780116,0.183100263,0,1,0
Faces_easy,0.60111622,0.35236014,0.18969958,0,1,0
Faces_easy,0.608967802,0.352051633,0.181826574,0,1,0
Faces_easy,0.616505314,0.356408287,0.179552728,0,1,0
Faces_easy,0.613431964,0.362438979,0.164814721,0,1,0
Faces_easy,0.608519326,0.352321108,0.185401972,0,1,0
Faces_easy,0.606324134,0.148344181,0.142982395,0,1,0
Faces_easy,0.602744626,0.145318144,0.156079255,0,1,0
Faces_easy,0.601725876,0.144565097,0.151288882,0,1,0
Faces_easy,0.596106514,0.139562789,0.151203417,0,1,0
Faces_easy,0.599826496,0.13536034,0.146394374,0,1,0
Faces_easy,0.592574383,0.147809611,0.152820599,0,1,0
Faces_easy,0.59821192,0.141315026,0.149667037,0,1,0
Faces_easy,0.613168934,0.135895767,0.145343157,0,1,0
Faces_easy,0.609862921,0.136936656,0.144966805,0,1,0